variant_id	variant_civic_url	feature_type	feature_id	feature_name	feature_civic_url	variant	variant_aliases	is_flagged	variant_groups	variant_types	single_variant_molecular_profile_id	last_review_date	gene	entrez_id	chromosome	start	stop	reference_bases	variant_bases	representative_transcript	ensembl_version	reference_build	hgvs_descriptions	allele_registry_id	clinvar_ids	ncit_id	5_prime_partner_status	5_prime_partner	3_prime_partner_status	3_prime_partner	vicc_compliant_name	5_prime_transcript	5_prime_end_exon	5_prime_exon_offset	5_prime_exon_offset_direction	3_prime_transcript	3_prime_start_exon	3_prime_exon_offset	3_prime_exon_offset_direction
1	https://civicdb.org/links/variants/1	Fusion	61802	BCR::ABL1	https://civicdb.org/links/features/61802	Fusion	T(9;22)(Q34;Q11),BCR-ABL1,BCR-ABL	false	ABL1 fusions in B-ALL	transcript_fusion	1	2024-10-23 19:57:59 UTC															known	BCR	known	ABL1	BCR(entrez:613)::ABL1(entrez:25)	ENST00000305877.8	14			ENST00000318560.5	2		
2	https://civicdb.org/links/variants/2	Gene	4	ABL1	https://civicdb.org/links/features/4	T315I	THR334ILE,RS121913459	false	Imatinib Resistance	missense_variant	2	2024-09-17 01:52:50 UTC	ABL1	25	9	133748283	133748283	C	T	ENST00000318560.5	75	GRCh37	NM_007313.2:c.1001C>T,NP_005148.2:p.Thr315Ile,ENST00000372348.2:c.1001C>T,NC_000009.11:g.133748283C>T	CA122575	12624														
3	https://civicdb.org/links/variants/3	Gene	4	ABL1	https://civicdb.org/links/features/4	E255K	E274K,RS121913448	false	Imatinib Resistance	missense_variant	3	2024-09-17 01:52:50 UTC	ABL1	25	9	133738363	133738363	G	A	ENST00000318560.5	75	GRCh37	NC_000009.11:g.133738363G>A,NM_005157.5:c.763G>A,NP_005148.2:p.Glu255Lys,ENST00000318560.5:c.763G>A	CA16602551	376090														
4	https://civicdb.org/links/variants/4	Gene	2	AKT1	https://civicdb.org/links/features/2	E17K	GLU17LYS,RS34409589	false		missense_variant	4	2024-09-17 01:52:50 UTC	AKT1	207	14	105246551	105246551	C	T	ENST00000407796.2	75	GRCh37	NC_000014.8:g.105246551C>T,NM_001014432.1:c.49G>A,NP_001014432.1:p.Glu17Lys,ENST00000407796.2:c.49G>A	CA123660	13983														
5	https://civicdb.org/links/variants/5	Fusion	61755	EML4::ALK	https://civicdb.org/links/features/61755	Fusion	EML4-ALK	false	ALK Fusion	transcript_fusion	5	2024-10-23 19:58:01 UTC															known	EML4	known	ALK	EML4(entrez:27436)::ALK(entrez:238)	ENST00000318522.5	13			ENST00000389048.3	20		
8	https://civicdb.org/links/variants/8	Gene	1	ALK	https://civicdb.org/links/features/1	F1174L	PHE1174LEU,RS863225281	false	ALK Crizotinib Resistance	missense_variant	8	2024-09-17 01:52:50 UTC	ALK	238	2	29443695	29443695	G	T	ENST00000389048.3	75	GRCh37	NM_004304.4:c.3522C>A,NP_004295.2:p.Phe1174Leu,NC_000002.11:g.29443695G>T,ENST00000389048.3:c.3522C>A	CA279586	217851														
9	https://civicdb.org/links/variants/9	Gene	1	ALK	https://civicdb.org/links/features/1	R1275Q	ARG1275GLN,RS113994087	false		missense_variant	9	2024-09-17 01:52:50 UTC	ALK	238	2	29432664	29432664	C	T	ENST00000389048.3	75	GRCh37	NM_004304.4:c.3824G>A,NP_004295.2:p.Arg1275Gln,NC_000002.11:g.29432664C>T,ENST00000389048.3:c.3824G>A	CA341482	18083														
10	https://civicdb.org/links/variants/10	Gene	3	ARAF	https://civicdb.org/links/features/3	S214C	SER214CYS,RS1057519786	false		missense_variant	10	2024-09-17 01:52:50 UTC	ARAF	369	X	47426121	47426121	C	G	ENST00000377045.4	75	GRCh37	NC_000023.10:g.47426121C>G,NM_001654.4:c.641C>G,NP_001645.1:p.Ser214Cys,ENST00000377045.4:c.641C>G	CA16602595	376137														
11	https://civicdb.org/links/variants/11	Gene	5	BRAF	https://civicdb.org/links/features/5	V600D	RS121913377,VAL600ASP	false	Other BRAF V600's	missense_variant	11	2024-09-17 01:52:51 UTC	BRAF	673	7	140453135	140453136	CA	AT	ENST00000288602.6	75	GRCh37	NM_004333.4:c.1799_1800delTGinsAT,NP_004324.2:p.Val600Asp,ENST00000288602.6:c.1799_1800delTGinsAT,NC_000007.13:g.140453135_140453136delinsAT	CA16602419	375939														
12	https://civicdb.org/links/variants/12	Gene	5	BRAF	https://civicdb.org/links/features/5	V600E	RS113488022,VAL600GLU,V640E,VAL640GLU	false		missense_variant	12	2024-09-17 01:52:51 UTC	BRAF	673	7	140453136	140453136	A	T	ENST00000288602.6	75	GRCh37	NM_004333.4:c.1799T>A,NP_004324.2:p.Val600Glu,NC_000007.13:g.140453136A>T,ENST00000288602.6:c.1799T>A	CA123643	13961,376069														
17	https://civicdb.org/links/variants/17	Gene	5	BRAF	https://civicdb.org/links/features/5	V600	VAL600	false	Other BRAF V600's	protein_altering_variant	17	2024-09-17 01:52:51 UTC	BRAF	673	7	140453136	140453137			ENST00000288602.6	75	GRCh37			13961,44815,376288,40389,376289,44816														
18	https://civicdb.org/links/variants/18	Gene	8	CCND1	https://civicdb.org/links/features/8	Amplification		false		transcript_amplification	18	2024-09-17 01:52:51 UTC	CCND1	595	11	69455855	69469242			ENST00000227507.2	75	GRCh37	N/A		N/A														
19	https://civicdb.org/links/variants/19	Gene	8	CCND1	https://civicdb.org/links/features/8	Expression		false		N/A	19	2024-09-17 01:52:51 UTC	CCND1	595	11	69455855	69469242			ENST00000227507.2	75	GRCh37	N/A		N/A														
20	https://civicdb.org/links/variants/20	Gene	8	CCND1	https://civicdb.org/links/features/8	Overexpression		false		N/A	20	2024-09-17 01:52:51 UTC	CCND1	595	11	69455855	69469242			ENST00000227507.2	75	GRCh37	N/A		N/A														
21	https://civicdb.org/links/variants/21	Gene	9	CCND2	https://civicdb.org/links/features/9	OVEREXPRESSION		false		N/A	21	2024-09-17 01:52:51 UTC	CCND2	894	12	4382938	4414516			ENST00000261254.3	75	GRCh37			N/A														
22	https://civicdb.org/links/variants/22	Gene	9	CCND2	https://civicdb.org/links/features/9	PROMOTER DEMETHYLATION		false		N/A	22	2024-09-17 01:52:51 UTC	CCND2	894	12	4381437	4382937			ENST00000261254.3	75	GRCh37																	
23	https://civicdb.org/links/variants/23	Gene	10	CCND3	https://civicdb.org/links/features/10	Loss		false		loss_of_function_variant	23	2024-09-17 01:52:51 UTC	CCND3	896	6	41902671	41909586			ENST00000372991.4	75	GRCh37			N/A														
24	https://civicdb.org/links/variants/24	Gene	11	CCNE1	https://civicdb.org/links/features/11	Overexpression		false		N/A	24	2024-09-17 01:52:51 UTC	CCNE1	898	19	30302805	30315215			ENST00000262643.3	75	GRCh37			N/A														
25	https://civicdb.org/links/variants/25	Gene	13	CDK4	https://civicdb.org/links/features/13	EXPRESSION		false		N/A	25	2024-09-17 01:52:51 UTC	CDK4	1019	12	58141510	58146304			ENST00000257904.6	75	GRCh37			N/A														
27	https://civicdb.org/links/variants/27	Gene	14	CDKN2A	https://civicdb.org/links/features/14	Promoter Hypermethylation		false		N/A	27	2024-09-17 01:52:51 UTC	CDKN2A	1029	9	21974827	21994591			ENST00000498124.1	75	GRCh37																	
28	https://civicdb.org/links/variants/28	Gene	15	CEBPA	https://civicdb.org/links/features/15	N-TERMINAL FRAME SHIFT		false		frameshift_truncation,dominant_negative_variant	28	2024-09-17 01:52:51 UTC	CEBPA	1050	19	33792961	33793470			ENST00000498907.2	75	GRCh37																	
29	https://civicdb.org/links/variants/29	Gene	15	CEBPA	https://civicdb.org/links/features/15	Mutation		false		loss_of_function_variant,transcript_variant	29	2024-09-17 01:52:51 UTC	CEBPA	1050	19	33790840	33793470			ENST00000498907.2	75	GRCh37			N/A														
30	https://civicdb.org/links/variants/30	Fusion	61753	MEF2D::CSF1R	https://civicdb.org/links/features/61753	Fusion	MEF2D-CSF1R	false		transcript_fusion	30	2024-10-23 19:58:03 UTC															known	MEF2D	known	CSF1R	MEF2D(entrez:4209)::CSF1R(entrez:1436)	ENST00000348159.4	7			ENST00000286301.3	12		
31	https://civicdb.org/links/variants/31	Fusion	61800	DNAJB1::PRKACA	https://civicdb.org/links/features/61800	Fusion	DNAJB1-PRKACA	false		transcript_fusion	31	2024-10-23 19:58:05 UTC															known	DNAJB1	known	PRKACA	DNAJB1(entrez:3337)::PRKACA(entrez:5566)	ENST00000254322.2	1			ENST00000308677.4	2		
32	https://civicdb.org/links/variants/32	Gene	18	DNMT3A	https://civicdb.org/links/features/18	R882	R693,ARG882,ARG693	false		missense_variant	32	2024-09-17 01:52:51 UTC	DNMT3A	1788	2	25457241	25457243			ENST00000264709.3	75	GRCh37			375881,375880,375879,375884,375883,375882														
33	https://civicdb.org/links/variants/33	Gene	19	EGFR	https://civicdb.org/links/features/19	L858R	LEU858ARG,RS121434568,L813R,LEU813ARG	false		missense_variant	33	2024-09-17 01:52:51 UTC	EGFR	1956	7	55259515	55259515	T	G	ENST00000275493.2	75	GRCh37	NC_000007.13:g.55259515T>G,NM_005228.4:c.2573T>G,ENST00000275493.2:c.2573T>G,NP_005219.2:p.Leu858Arg	CA126713	16609,376282,376280														
34	https://civicdb.org/links/variants/34	Gene	19	EGFR	https://civicdb.org/links/features/19	T790M	THR790MET,RS121434569	false	EGFR TKI Resistance	missense_variant	34	2024-09-17 01:52:51 UTC	EGFR	1956	7	55249071	55249071	C	T	ENST00000275493.2	75	GRCh37	ENST00000275493.2:c.2369C>T,NC_000007.13:g.55249071C>T,NM_005228.4:c.2369C>T,NP_005219.2:p.Thr790Met	CA090928	16613														
35	https://civicdb.org/links/variants/35	Gene	20	ERBB2	https://civicdb.org/links/features/20	D769H	ASP769HIS,D739H,D754H,ASP739HIS,ASP754HIS,D769H,RS121913468	false	HER2 Activating	missense_variant	35	2024-09-17 01:52:51 UTC	ERBB2	2064	17	37880261	37880261	G	C	ENST00000269571.5	75	GRCh37	NM_001289937.1:c.2305G>C,NP_001276866.1:p.Asp769His,ENST00000269571.5:c.2305G>C,NC_000017.10:g.37880261G>C	CA16602465	375991														
36	https://civicdb.org/links/variants/36	Gene	20	ERBB2	https://civicdb.org/links/features/20	D769Y	D739Y,D754Y,RS121913468,ASP769TYR,D769Y,ASP754TYR,ASP739TYR	false	HER2 Activating	missense_variant	36	2024-09-17 01:52:51 UTC	ERBB2	2064	17	37880261	37880261	G	T	ENST00000269571.5	75	GRCh37	ENST00000269571.5:c.2305G>T,NC_000017.10:g.37880261G>T,NM_004448.3:c.2305G>T,NP_004439.2:p.Asp769Tyr	CA16602466	375992														
37	https://civicdb.org/links/variants/37	Gene	20	ERBB2	https://civicdb.org/links/features/20	L755_T759del	RS1131692241,LEU755_THR759DEL	false		inframe_deletion	37	2024-09-17 01:52:51 UTC	ERBB2	2064	17	37880219	37880233	TTGAGGGAAAACACA		ENST00000269571.5	75	GRCh37	ENST00000269571.5:c.2263_2277del,NC_000017.10:g.37880219_37880233del,NP_004439.2:p.Leu755_Thr759del,NM_004448.3:c.2263_2277delTTGAGGGAAAACACA	CA645372623	375990														
38	https://civicdb.org/links/variants/38	Gene	20	ERBB2	https://civicdb.org/links/features/20	G309A	GLY309ALA,GLY279ALA,GLY294ALA,G294A,G279A,RS1057519787	false	HER2 Activating	missense_variant	38	2024-09-17 01:52:51 UTC	ERBB2	2064	17	37868205	37868205	G	C	ENST00000269571.5	75	GRCh37	ENST00000269571.5:c.926G>C,NC_000017.10:g.37868205G>C,NM_004448.3:c.926G>C,NP_004439.2:p.Gly309Ala	CA16602660	376205														
39	https://civicdb.org/links/variants/39	Gene	20	ERBB2	https://civicdb.org/links/features/20	L755S	LEU755SER,L725S,L740S	false		missense_variant	39	2024-09-17 01:52:51 UTC	ERBB2	2064	17	37880220	37880220	T	C	ENST00000269571.5	75	GRCh37	NC_000017.10:g.37880220T>C,ENST00000269571.5:c.2264T>C,NM_004448.3:c.2264T>C,NP_004439.2:p.Leu755Ser	CA16602502	376035														
40	https://civicdb.org/links/variants/40	Gene	20	ERBB2	https://civicdb.org/links/features/20	L755W	LEU755TRP,L725W,L740W,RS121913470	false		missense_variant	40	2024-09-17 01:52:51 UTC	ERBB2	2064	17	37880220	37880220	T	G	ENST00000269571.5	75	GRCh37	ENST00000269571.5:c.2264T>G,NC_000017.10:g.37880220T>G,NM_004448.3:c.2264T>G,NP_004439.2:p.Leu755Trp	CA16602786	376343														
41	https://civicdb.org/links/variants/41	Gene	20	ERBB2	https://civicdb.org/links/features/20	P780INS	PRO780INS	true	HER2 Activating	inframe_insertion	41	2024-09-17 01:52:51 UTC	ERBB2	2064	17	37881011	37881012		GGCTCCCCA	ENST00000269571.5	75	GRCh37	ENST00000269571.5:c.2340_2341insGGCTCCCCA,NC_000017.10:g.37881011_37881012insGGCTCCCCA	CA135401	NONE FOUND														
42	https://civicdb.org/links/variants/42	Gene	20	ERBB2	https://civicdb.org/links/features/20	R678Q	ARG678GLN,R648Q,R663Q,RS1057519862	false		missense_variant	42	2024-09-17 01:52:51 UTC	ERBB2	2064	17	37879658	37879658	G	A	ENST00000269571.5	75	GRCh37	ENST00000269571.5:c.2033G>A,NC_000017.10:g.37879658G>A,NM_004448.3:c.2033G>A,NP_004439.2:p.Arg678Gln	CA16602787	376344														
43	https://civicdb.org/links/variants/43	Gene	20	ERBB2	https://civicdb.org/links/features/20	R896C	ARG896CYS,R866C,R881C,RS758222990	false	HER2 Activating	missense_variant	43	2024-09-17 01:52:51 UTC	ERBB2	2064	17	37881616	37881616	C	T	ENST00000269571.5	75	GRCh37	NC_000017.10:g.37881616C>T,ENST00000269571.5:c.2686C>T,NM_004448.3:c.2686C>T,NP_004439.2:p.Arg896Cys	CA8534359	375995														
44	https://civicdb.org/links/variants/44	Gene	20	ERBB2	https://civicdb.org/links/features/20	V777L	V747L,V762L,VAL777LEU,RS121913471	false	HER2 Activating	missense_variant	44	2024-09-17 01:52:51 UTC	ERBB2	2064	17	37881000	37881000	G	T	ENST00000269571.5	75	GRCh37	NM_004448.3:c.2329G>T,NP_004439.2:p.Val777Leu,ENST00000269571.5:c.2329G>T,NC_000017.10:g.37881000G>T	CA135387	44991														
45	https://civicdb.org/links/variants/45	Gene	20	ERBB2	https://civicdb.org/links/features/20	V842I	VAL842ILE,V812I,V827I,VAL812ILE,VAL827ILE,RS1057519738	false	HER2 Activating	missense_variant	45	2024-09-17 01:52:51 UTC	ERBB2	2064	17	37881332	37881332	G	A	ENST00000269571.5	75	GRCh37	ENST00000269571.5:c.2524G>A,NM_004448.3:c.2524G>A,NP_004439.2:p.Val842Ile,NC_000017.10:g.37881332G>A	CA16602468	375994														
46	https://civicdb.org/links/variants/46	Gene	21	ESR1	https://civicdb.org/links/features/21	L536Q	LEU536GLN	false	ESR1 Ligand-Binding Domain	missense_variant	46	2024-09-17 01:52:51 UTC	ESR1	2099	6	152419920	152419921	TC	AG	ENST00000440973.1	75	GRCh37	NC_000006.11:g.152419920_152419921delinsAG,ENST00000440973.1:c.1607_1608delinsAG	CA645542628	NONE FOUND														
47	https://civicdb.org/links/variants/47	Gene	21	ESR1	https://civicdb.org/links/features/21	D538G	ASP538GLY	false	ESR1 Ligand-Binding Domain	missense_variant	47	2024-09-17 01:52:51 UTC	ESR1	2099	6	152419926	152419926	A	G	ENST00000206249.3	75	GRCh37	NC_000006.11:g.152419926A>G,ENST00000206249.3:c.1613A>G,NM_000125.3:c.1613A>G,NP_000116.2:p.Asp538Gly	CA366085705	NONE FOUND														
48	https://civicdb.org/links/variants/48	Gene	21	ESR1	https://civicdb.org/links/features/21	Y537C	GLY537CYS	false	ESR1 Ligand-Binding Domain	missense_variant	48	2024-09-17 01:52:51 UTC	ESR1	2099	6	152419923	152419923	A	G	ENST00000206249.3	75	GRCh37	ENST00000206249.3:c.1610A>G,NC_000006.11:g.152419923A>G,NM_000125.3:c.1610A>G,NP_000116.2:p.Tyr537Cys	CA366085697	NONE FOUND														
49	https://civicdb.org/links/variants/49	Gene	21	ESR1	https://civicdb.org/links/features/21	Y537N	GLY537ASN	false	ESR1 Ligand-Binding Domain	missense_variant	49	2024-09-17 01:52:51 UTC	ESR1	2099	6	152419922	152419922	T	A	ENST00000206249.3	75	GRCh37	NC_000006.11:g.152419922T>A,ENST00000206249.3:c.1609T>A,NM_000125.3:c.1609T>A,NP_000116.2:p.Tyr537Asn	CA366085693	NONE FOUND														
50	https://civicdb.org/links/variants/50	Gene	21	ESR1	https://civicdb.org/links/features/21	Y537S	GLY537SER	false	ESR1 Ligand-Binding Domain	missense_variant	50	2024-09-17 01:52:51 UTC	ESR1	2099	6	152419923	152419923	A	C	ENST00000206249.3	75	GRCh37	NC_000006.11:g.152419923A>C,ENST00000206249.3:c.1610A>C,NM_000125.3:c.1610A>C,NP_000116.2:p.Tyr537Ser	CA366085696	NONE FOUND														
52	https://civicdb.org/links/variants/52	Fusion	61803	FGFR2::OGA	https://civicdb.org/links/features/61803	Fusion	FGFR2-MGEA5	false	FGFR fusions	transcript_fusion	52	2024-10-23 19:58:07 UTC															known	FGFR2	known	OGA	FGFR2(entrez:2263)::OGA(entrez:10724)	ENST00000457416.2	17			ENST00000361464.3	12		
53	https://civicdb.org/links/variants/53	Fusion	61756	FGFR3::BAIAP2L1	https://civicdb.org/links/features/61756	Fusion	FGFR3-BAIAP2L1	false	FGFR fusions	transcript_fusion	53	2024-10-23 19:58:09 UTC															known	FGFR3	known	BAIAP2L1	FGFR3(entrez:2261)::BAIAP2L1(entrez:55971)	ENST00000340107.4	17			ENST00000005260.8	2		
54	https://civicdb.org/links/variants/54	Fusion	61764	FGFR2::TACC3	https://civicdb.org/links/features/61764	Fusion	FGFR2-TACC3	false	FGFR fusions	transcript_fusion	54	2024-10-23 19:58:11 UTC															known	FGFR2	known	TACC3	FGFR2(entrez:2263)::TACC3(entrez:10460)	ENST00000358487.5	17			ENST00000313288.4	1		
55	https://civicdb.org/links/variants/55	Gene	24	FLT3	https://civicdb.org/links/features/24	ITD		false		inframe_insertion	55	2024-09-17 01:52:51 UTC	FLT3	2322	13	28608219	28608351			ENST00000241453.7	75	GRCh37			16270														
56	https://civicdb.org/links/variants/56	Gene	24	FLT3	https://civicdb.org/links/features/24	TKD MUTATION		true			56	2024-09-17 01:52:51 UTC	FLT3	2322	13	28588619	28608228			ENST00000241453.7	75	GRCh37																	
57	https://civicdb.org/links/variants/57	Gene	25	GATA2	https://civicdb.org/links/features/25	EXPRESSION		false		N/A	57	2024-09-17 01:52:51 UTC	GATA2	2624	3	128198270	128212028			ENST00000341105.2	75	GRCh37			N/A														
58	https://civicdb.org/links/variants/58	Gene	26	IDH1	https://civicdb.org/links/features/26	R132	ARG132	false		protein_altering_variant	58	2024-09-17 01:52:51 UTC	IDH1	3417	2	209113111	209113113			ENST00000415913.1	75	GRCh37	NC_000002.11:g.209113113G>A,NC_000002.11:g.209113112C>T,NC_000002.11:g.209113113G>C,NC_000002.11:g.209113112C>A,NC_000002.11:g.209113113G>T,NC_000002.11:g.209113112C>G		156444,375891,375890,375889,375893,375892														
59	https://civicdb.org/links/variants/59	Gene	26	IDH1	https://civicdb.org/links/features/26	R132C	RS121913499,ARG132CYS	false		missense_variant	59	2024-09-17 01:52:51 UTC	IDH1	3417	2	209113113	209113113	G	A	ENST00000415913.1	75	GRCh37	NM_005896.3:c.394C>T,NP_005887.2:p.Arg132Cys,NC_000002.11:g.209113113G>A,ENST00000415913.1:c.394C>T	CA16602374	375891														
62	https://civicdb.org/links/variants/62	Gene	27	IDH2	https://civicdb.org/links/features/27	R140	ARG140	false		protein_altering_variant	62	2024-09-17 01:52:51 UTC	IDH2	3418	15	90631934	90631934			ENST00000330062.3	75	GRCh37			375988,14716,375989														
63	https://civicdb.org/links/variants/63	Gene	27	IDH2	https://civicdb.org/links/features/27	R172K	ARG172LYS,R120K,RS121913503	false		missense_variant	63	2024-09-17 01:52:51 UTC	IDH2	3418	15	90631838	90631838	C	T	ENST00000330062.3	75	GRCh37	NC_000015.9:g.90631838C>T,NM_002168.3:c.515G>A,NP_002159.2:p.Arg172Lys,ENST00000330062.3:c.515G>A	CA16602462	375987														
64	https://civicdb.org/links/variants/64	Gene	28	JAK2	https://civicdb.org/links/features/28	V617F	VAL617PHE,RS77375493	false		missense_variant,gain_of_function_variant	64	2024-09-17 01:52:51 UTC	JAK2	3717	9	5073770	5073770	G	T	ENST00000381652.3	75	GRCh37	NC_000009.11:g.5073770G>T,NM_004972.3:c.1849G>T,NP_004963.1:p.Val617Phe,ENST00000381652.3:c.1849G>T	CA124183	14662														
65	https://civicdb.org/links/variants/65	Gene	29	KIT	https://civicdb.org/links/features/29	D816V	ASP816VAL,RS121913507	false	KIT Exon 17	missense_variant	65	2024-09-17 01:52:51 UTC	KIT	3815	4	55599321	55599321	A	T	ENST00000288135.5	75	GRCh37	NM_000222.2:c.2447A>T,NP_000213.1:p.Asp816Val,ENST00000288135.5:c.2447A>T,NC_000004.11:g.55599321A>T	CA123513	13852														
66	https://civicdb.org/links/variants/66	Gene	29	KIT	https://civicdb.org/links/features/29	Exon 11 Mutation		false	KIT Exon 11	coding_sequence_variant	66	2024-09-17 01:52:51 UTC	KIT	3815	4	55593582	55593708			ENST00000288135.5	75	GRCh37																	
67	https://civicdb.org/links/variants/67	Gene	29	KIT	https://civicdb.org/links/features/29	Internal Duplication		false	KIT Exon 11	inframe_insertion	67	2024-09-17 01:52:51 UTC	KIT	3815	4	55593582	55593708			ENST00000288135.5	75	GRCh37			N/A														
69	https://civicdb.org/links/variants/69	Gene	29	KIT	https://civicdb.org/links/features/29	Exon 14 Mutation		false		exon_variant	69	2024-09-17 01:52:51 UTC	KIT	3815	4	55595501	55595651			ENST00000288135.5	75	GRCh37																	
72	https://civicdb.org/links/variants/72	Gene	29	KIT	https://civicdb.org/links/features/29	L576P	RS121913513,LEU576PRO	false	KIT Exon 11	missense_variant	72	2024-09-17 01:52:51 UTC	KIT	3815	4	55593661	55593661	T	C	ENST00000288135.5	75	GRCh37	NM_000222.2:c.1727T>C,NP_000213.1:p.Leu576Pro,ENST00000288135.5:c.1727T>C,NC_000004.11:g.55593661T>C	CA16602401	375919														
73	https://civicdb.org/links/variants/73	Gene	29	KIT	https://civicdb.org/links/features/29	V654A	RS121913523,VAL654ALA	false		missense_variant	73	2024-09-17 01:52:51 UTC	KIT	3815	4	55594258	55594258	T	C	ENST00000288135.5	75	GRCh37	NC_000004.11:g.55594258T>C,NM_000222.2:c.1961T>C,NP_000213.1:p.Val654Ala,ENST00000288135.5:c.1961T>C	CA16602402	375921														
75	https://civicdb.org/links/variants/75	Gene	30	KRAS	https://civicdb.org/links/features/30	Exon 2 Mutation		false		missense_variant	75	2024-09-17 01:52:51 UTC	KRAS	3845	12	25398208	25398329			ENST00000256078.4	75	GRCh37																	
76	https://civicdb.org/links/variants/76	Gene	30	KRAS	https://civicdb.org/links/features/30	G12	GLY12	false		protein_altering_variant	76	2024-09-17 01:52:51 UTC	KRAS	3845	12	25398284	25398285			ENST00000256078.4	75	GRCh37			45122,12578,12582,12579,12583,12584														
77	https://civicdb.org/links/variants/77	Gene	30	KRAS	https://civicdb.org/links/features/30	G12/G13		false		protein_altering_variant	77	2024-09-17 01:52:51 UTC	KRAS	3845	12	25398280	25398285			ENST00000256078.4	75	GRCh37			45122,12578,12582,12579,12583,12580,12584,177778,45123,12593,375968,375967,45124														
78	https://civicdb.org/links/variants/78	Gene	30	KRAS	https://civicdb.org/links/features/30	G12C	GLY12CYS,RS121913530	false	EGFR TKI Resistance	missense_variant	78	2024-09-17 01:52:51 UTC	KRAS	3845	12	25398285	25398285	C	A	ENST00000256078.4	75	GRCh37	NM_004985.4:c.34G>T,NP_004976.2:p.Gly12Cys,NC_000012.11:g.25398285C>A,ENST00000256078.4:c.34G>T	CA122528	12578														
79	https://civicdb.org/links/variants/79	Gene	30	KRAS	https://civicdb.org/links/features/30	G12D	GLY12ASP,RS121913529	false	EGFR TKI Resistance	missense_variant	79	2024-09-17 01:52:51 UTC	KRAS	3845	12	25398284	25398284	C	T	ENST00000256078.4	75	GRCh37	NM_004985.4:c.35G>A,NP_004976.2:p.Gly12Asp,NC_000012.11:g.25398284C>T,ENST00000256078.4:c.35G>A	CA122538	12582														
80	https://civicdb.org/links/variants/80	Gene	30	KRAS	https://civicdb.org/links/features/30	G13	GLY13	false		missense_variant,inframe_insertion	80	2024-09-17 01:52:51 UTC	KRAS	3845	12	25398281	25398282			ENST00000256078.4	75	GRCh37			12580,45123,12593,375968,375967,45124,163769,45125														
81	https://civicdb.org/links/variants/81	Gene	30	KRAS	https://civicdb.org/links/features/30	G13D	GLY13ASP,RS112445441	false		missense_variant	81	2024-09-17 01:52:51 UTC	KRAS	3845	12	25398281	25398281	C	T	ENST00000256078.4	75	GRCh37	NM_033360.3:c.38G>A,NP_004976.2:p.Gly13Asp,NC_000012.11:g.25398281C>T,ENST00000256078.4:c.38G>A	CA122534	12580														
82	https://civicdb.org/links/variants/82	Gene	31	MAP2K1	https://civicdb.org/links/features/31	P124S	PRO124SER	false		missense_variant	82	2024-09-17 01:52:51 UTC	MAP2K1	5604	15	66729162	66729162	C	T	ENST00000307102.5	75	GRCh37	ENST00000307102.5:c.370C>T,NC_000015.9:g.66729162C>T,NM_002755.3:c.370C>T,NP_002746.1:p.Pro124Ser	CA16602456	375981														
83	https://civicdb.org/links/variants/83	Gene	31	MAP2K1	https://civicdb.org/links/features/31	Q56P	GLN56PRO,RS1057519729	false		missense_variant	83	2024-09-17 01:52:51 UTC	MAP2K1	5604	15	66727451	66727451	A	C	ENST00000307102.5	75	GRCh37	ENST00000307102.5:c.167A>C,NC_000015.9:g.66727451A>C,NM_002755.3:c.167A>C,NP_002746.1:p.Gln56Pro	CA16602453	375978														
85	https://civicdb.org/links/variants/85	Gene	34	MGMT	https://civicdb.org/links/features/34	Promoter Methylation		false		N/A	85	2024-09-17 01:52:51 UTC	MGMT	4255	10	131264495	131265656			ENST00000306010.7	75	GRCh37			N/A														
86	https://civicdb.org/links/variants/86	Gene	35	NPM1	https://civicdb.org/links/features/35	EXON 11 MUTATION	EXON 12 MUTATION	false	NPM1 Exon 12	exon_variant	86	2025-01-13 19:37:00 UTC	NPM1	4869	5	170837531	170837569			ENST00000517671.1	75	GRCh37			N/A														
87	https://civicdb.org/links/variants/87	Gene	35	NPM1	https://civicdb.org/links/features/35	W288FS	NPM1-A,RS587776806,TRP288FS	false	NPM1 Exon 12	frameshift_elongation	87	2024-09-17 01:52:51 UTC	NPM1	4869	5	170837547	170837548		TCTG	ENST00000517671.1	75	GRCh37	NM_002520.6:c.860_863dupTCTG,NC_000005.9:g.170837544_170837547dupTCTG,NP_002511.1:p.Trp288Cysfs,ENST00000517671.1:c.860_863dupTCTG	CA280199	13998														
92	https://civicdb.org/links/variants/92	Gene	36	NRAS	https://civicdb.org/links/features/36	G12		false		missense_variant	92	2024-09-17 01:52:51 UTC	NRAS	4893	1	115258747	115258748			ENST00000369535.4	75	GRCh37			40468,39648,177778,219097,40470,40469														
93	https://civicdb.org/links/variants/93	Gene	36	NRAS	https://civicdb.org/links/features/36	G13D	GLY13ASP,RS121434596	false		missense_variant	93	2024-09-17 01:52:51 UTC	NRAS	4893	1	115258744	115258744	C	T	ENST00000369535.4	75	GRCh37	NM_002524.4:c.38G>A,NP_002515.1:p.Gly13Asp,NC_000001.10:g.115258744C>T,ENST00000369535.4:c.38G>A	CA123620	13901														
94	https://civicdb.org/links/variants/94	Gene	36	NRAS	https://civicdb.org/links/features/36	Q61	GLN61	false		missense_variant	94	2024-09-17 01:52:51 UTC	NRAS	4893	1	115256528	115256530			ENST00000369535.4	75	GRCh37			73058,13900,375874,375871,373003,280409,375875														
95	https://civicdb.org/links/variants/95	Gene	36	NRAS	https://civicdb.org/links/features/36	Q61L	GLN61LEU,RS11554290	false		missense_variant	95	2024-09-17 01:52:51 UTC	NRAS	4893	1	115256529	115256529	T	A	ENST00000369535.4	75	GRCh37	NP_002515.1:p.Gln61Leu,NC_000001.10:g.115256529T>A,NM_002524.4:c.182A>T,ENST00000369535.4:c.182A>T	CA16602361	375874														
96	https://civicdb.org/links/variants/96	Gene	36	NRAS	https://civicdb.org/links/features/36	Q61R	GLN61ARG,RS11554290	false		missense_variant	96	2024-09-17 01:52:51 UTC	NRAS	4893	1	115256529	115256529	T	C	ENST00000369535.4	75	GRCh37	NM_002524.4:c.182A>G,NP_002515.1:p.Gln61Arg,NC_000001.10:g.115256529T>C,ENST00000369535.4:c.182A>G	CA123618	13900														
98	https://civicdb.org/links/variants/98	Gene	38	PDGFRA	https://civicdb.org/links/features/38	D842I	ASP842ILE	false	Imatinib Resistance	missense_variant	98	2024-09-17 01:52:51 UTC	PDGFRA	5156	4	55152092	55152093	GA	AT	ENST00000257290.5	75	GRCh37	NC_000004.11:g.55152092_55152093delinsAT,ENST00000257290.5:c.2524_2525delinsAT,NP_006197.1:p.Asp842Ile,NM_006206.5:c.2524_2525delGAinsAT	CA16602522	376055														
99	https://civicdb.org/links/variants/99	Gene	38	PDGFRA	https://civicdb.org/links/features/38	D842V	ASP842VAL,RS121908585	false	Imatinib Resistance	missense_variant	99	2024-09-17 01:52:51 UTC	PDGFRA	5156	4	55152093	55152093	A	T	ENST00000257290.5	75	GRCh37	NM_006206.4:c.2525A>T,NP_006197.1:p.Asp842Val,ENST00000257290.5:c.2525A>T,NC_000004.11:g.55152093A>T	CA123194	13543														
100	https://civicdb.org/links/variants/100	Gene	38	PDGFRA	https://civicdb.org/links/features/38	D842Y	ASP842TYR,RS121913265	false	Imatinib Resistance	missense_variant	100	2024-09-17 01:52:51 UTC	PDGFRA	5156	4	55152092	55152092	G	T	ENST00000257290.5	75	GRCh37	ENST00000257290.5:c.2524G>T,NC_000004.11:g.55152092G>T,NM_006206.5:c.2524G>T,NP_006197.1:p.Asp842Tyr	CA16602703	376250														
101	https://civicdb.org/links/variants/101	Gene	38	PDGFRA	https://civicdb.org/links/features/38	I843DEL	DELI843	false	Imatinib Resistance	inframe_deletion	101	2024-09-17 01:52:51 UTC	PDGFRA	5156	4	55152095	55152097	ATC		ENST00000257290.5	75	GRCh37	NC_000004.11:g.55152095_55152097del,ENST00000257290.5:c.2527_2529delATC	CA645526434	NONE FOUND														
102	https://civicdb.org/links/variants/102	Gene	38	PDGFRA	https://civicdb.org/links/features/38	D842_I843delinsVM		false	Imatinib Resistance	missense_variant	102	2024-09-17 01:52:51 UTC	PDGFRA	5156	4	55152093	55152097	ACATC	TCATG	ENST00000257290.5	75	GRCh37	NC_000004.11:g.55152093_55152097delinsTCATG	CA658820703	NONE FOUND														
103	https://civicdb.org/links/variants/103	Gene	37	PIK3CA	https://civicdb.org/links/features/37	E542K	GLU542LYS,RS121913273	false		missense_variant	103	2024-09-17 01:52:51 UTC	PIK3CA	5290	3	178936082	178936082	G	A	ENST00000263967.3	75	GRCh37	NM_006218.3:c.1624G>A,NP_006209.2:p.Glu542Lys,ENST00000263967.3:c.1624G>A,NC_000003.11:g.178936082G>A	CA333572	31944														
104	https://civicdb.org/links/variants/104	Gene	37	PIK3CA	https://civicdb.org/links/features/37	E545K	GLU545LYS,RS104886003	false		missense_variant	104	2024-09-17 01:52:51 UTC	PIK3CA	5290	3	178936091	178936091	G	A	ENST00000263967.3	75	GRCh37	NM_006218.3:c.1633G>A,NP_006209.2:p.Glu545Lys,ENST00000263967.3:c.1633G>A,NC_000003.11:g.178936091G>A	CA123334	13655														
105	https://civicdb.org/links/variants/105	Gene	37	PIK3CA	https://civicdb.org/links/features/37	Exon 21 Mutation	EXON 20 MUTATION	false		exon_variant	105	2024-09-17 01:52:51 UTC	PIK3CA	5290	3	178951882	178952495			ENST00000263967.3	75	GRCh37																	
106	https://civicdb.org/links/variants/106	Gene	37	PIK3CA	https://civicdb.org/links/features/37	Exon 10 Mutation	EXON 9 MUTATION	false		exon_variant	106	2024-09-17 01:52:51 UTC	PIK3CA	5290	3	178935998	178936122			ENST00000263967.3	75	GRCh37			31944,13655														
107	https://civicdb.org/links/variants/107	Gene	37	PIK3CA	https://civicdb.org/links/features/37	H1047R	HIS1047ARG,RS121913279	false		missense_variant	107	2024-09-17 01:52:51 UTC	PIK3CA	5290	3	178952085	178952085	A	G	ENST00000263967.3	75	GRCh37	NM_006218.3:c.3140A>G,NP_006209.2:p.His1047Arg,ENST00000263967.3:c.3140A>G,NC_000003.11:g.178952085A>G	CA123326	13652														
108	https://civicdb.org/links/variants/108	Fusion	61801	PML::RARA	https://civicdb.org/links/features/61801	Fusion	PML-RARA	false		transcript_fusion	108	2024-10-23 19:58:13 UTC															known	PML	known	RARA	PML(entrez:5371)::RARA(entrez:5914)	ENST00000268058.3	6			ENST00000254066.5	3		
110	https://civicdb.org/links/variants/110	Gene	41	PTEN	https://civicdb.org/links/features/41	R233*	R233X,ARG233TER,RS121909219	false	PTEN Loss-of-Function	stop_gained,loss_of_function_variant	110	2024-09-17 01:52:51 UTC	PTEN	5728	10	89717672	89717672	C	T	ENST00000371953.3	75	GRCh37	NM_000314.6:c.697C>T,NP_000305.3:p.Arg233Ter,ENST00000371953.3:c.697C>T,NC_000010.10:g.89717672C>T	CA000549	7813														
112	https://civicdb.org/links/variants/112	Gene	42	RET	https://civicdb.org/links/features/42	C634W	CYS634TRP	false	RET Motesanib Resistance	missense_variant	112	2024-09-17 01:52:51 UTC	RET	5979	10	43609950	43609950	C	G	ENST00000355710.3	75	GRCh37	NM_020975.4:c.1902C>G,NP_065681.1:p.Cys634Trp,ENST00000355710.3:c.1902C>G,NC_000010.10:g.43609950C>G	CA008378	13918														
113	https://civicdb.org/links/variants/113	Gene	42	RET	https://civicdb.org/links/features/42	M918T	MET918THR,RS74799832	false	RET Motesanib Resistance	missense_variant	113	2024-09-17 01:52:51 UTC	RET	5979	10	43617416	43617416	T	C	ENST00000355710.3	75	GRCh37	NM_020975.4:c.2753T>C,NP_065681.1:p.Met918Thr,ENST00000355710.3:c.2753T>C,NC_000010.10:g.43617416T>C	CA009082	13919														
114	https://civicdb.org/links/variants/114	Gene	44	SF3B1	https://civicdb.org/links/features/44	K666N	LYS666ASN,RS377023736	false	SF3B1 HEAT domain mutation	missense_variant	114	2024-09-17 01:52:51 UTC	SF3B1	23451	2	198267359	198267359	C	A	ENST00000335508.6	75	GRCh37	NM_012433.3:c.1998G>T,NP_036565.2:p.Lys666Asn,ENST00000335508.6:c.1998G>T,NC_000002.11:g.198267359C>A	CA280929	219098														
116	https://civicdb.org/links/variants/116	Gene	45	TP53	https://civicdb.org/links/features/45	R175H	ARG175HIS,RS28934578,R43H,R136H	false		missense_variant	116	2024-09-17 01:52:51 UTC	TP53	7157	17	7578406	7578406	C	T	ENST00000269305.4	75	GRCh37	NM_000546.5:c.524G>A,NP_000537.3:p.Arg175His,NC_000017.10:g.7578406C>T,ENST00000269305.4:c.524G>A	CA000251	12374														
117	https://civicdb.org/links/variants/117	Gene	45	TP53	https://civicdb.org/links/features/45	R248Q	ARG248GLN,RS11540652	false		missense_variant	117	2024-09-17 01:52:51 UTC	TP53	7157	17	7577538	7577538	C	T	ENST00000269305.4	75	GRCh37	NM_000546.5:c.743G>A,NP_000537.3:p.Arg248Gln,NC_000017.10:g.7577538C>T,ENST00000269305.4:c.743G>A	CA000387	12356														
118	https://civicdb.org/links/variants/118	Gene	45	TP53	https://civicdb.org/links/features/45	R248W	ARG248TRP,RS121912651	false		missense_variant	118	2024-09-17 01:52:51 UTC	TP53	7157	17	7577539	7577539	G	A	ENST00000269305.4	75	GRCh37	NM_000546.5:c.742C>T,NP_000537.3:p.Arg248Trp,NC_000017.10:g.7577539G>A,ENST00000269305.4:c.742C>T	CA000382	12347														
119	https://civicdb.org/links/variants/119	Gene	45	TP53	https://civicdb.org/links/features/45	R249	ARG249	false		protein_altering_variant	119	2024-09-17 01:52:51 UTC	TP53	7157	17	7577535	7577535	C	G	ENST00000269305.4	75	GRCh37	NC_000017.10:g.7577535C>G	CA16602484	376015														
121	https://civicdb.org/links/variants/121	Gene	45	TP53	https://civicdb.org/links/features/45	R273C	ARG273CYS,RS121913343	false		missense_variant	121	2024-09-17 01:52:51 UTC	TP53	7157	17	7577121	7577121	G	A	ENST00000269305.4	75	GRCh37	NM_000546.5:c.817C>T,NP_000537.3:p.Arg273Cys,NC_000017.10:g.7577121G>A,ENST00000269305.4:c.817C>T	CA000432	43594														
122	https://civicdb.org/links/variants/122	Gene	45	TP53	https://civicdb.org/links/features/45	R273H	ARG273HIS,RS28934576	false		missense_variant	122	2024-09-17 01:52:51 UTC	TP53	7157	17	7577120	7577120	C	T	ENST00000269305.4	75	GRCh37	NM_000546.5:c.818G>A,NP_000537.3:p.Arg273His,NC_000017.10:g.7577120C>T,ENST00000269305.4:c.818G>A	CA000434	12366														
124	https://civicdb.org/links/variants/124	Gene	46	TSC1	https://civicdb.org/links/features/46	Frameshift Truncation		false	TSC Loss	frameshift_truncation	124	2024-09-17 01:52:51 UTC	TSC1	7248	9	135766735	135820008			ENST00000298552.3	75	GRCh37																	
125	https://civicdb.org/links/variants/125	Gene	46	TSC1	https://civicdb.org/links/features/46	Loss-of-function		false	TSC Loss	loss_of_function_variant	125	2024-09-17 01:52:51 UTC	TSC1	7248	9	135766735	135820008			ENST00000298552.3	75	GRCh37			N/A														
