#uri	id	variant_view	dev-grch38.togovar.org	hgvsc	hgvsp	consequence	significance	human_chromosome	human_position	human_strand	human_ref	hgnc	symbol	mouse_chromosome	mouse_position	mouse_strand	mouse_ref	mouse_strains	mouse_38_chromosome	mouse_38_position
http://identifiers.org/hco/17/GRCh38#65176722-T-G	-			ENST00000262406.10:c.583-1010T>G	-	intron_variant	-	17	65176722	1	T	10004	RGS9	11	109151734	-1	T	MSMv4,JF1v3,KJRv1,SWNv1,CHDv1,NJLv1,BLG2v1,HMIv1,BFMv1,PGN2v1,129P2/OlaHsd,129S1/SvImJ,129S5SvEvBrd,A/J,BTBR T+ Itpr3tf/J,C3H/HeH,C3H/HeJ,CAST/EiJ,CBA/J,DBA/1J,DBA/2J,FVB/NJ,KK/HiJ,LEWES/EiJ,LP/J,NOD/ShiLtJ,NZO/HlLtJ,NZW/LacJ,PWK/PhJ,SPRET/EiJ,ZALENDE/EiJ	11	109260908
http://identifiers.org/hco/17/GRCh38#65208694-G-A	-			ENST00000262406.10:c.1289+687G>A	-	intron_variant	-	17	65208694	1	G	10004	RGS9	11	109128233	-1	G	SWNv1,PWK/PhJ	11	109237407
http://identifiers.org/hco/17/GRCh38#65157630-G-A	tgv58411126			ENST00000262406.10:c.155-665G>A	-	intron_variant	-	17	65157630	1	G	10004	RGS9	11	109168111	-1	G	SPRET/EiJ	11	109277285
http://identifiers.org/hco/17/GRCh38#65148353-G-A	-			ENST00000262406.10:c.58-5069G>A	-	intron_variant	-	17	65148353	1	G	10004	RGS9	11	109177440	-1	G	NZW/LacJ	11	109286614
http://identifiers.org/hco/17/GRCh38#65168471-G-A	-			ENST00000262406.10:c.582+190G>A	-	intron_variant	-	17	65168471	1	G	10004	RGS9	11	109159559	-1	G	PWK/PhJ	11	109268733
http://identifiers.org/hco/17/GRCh38#65226747-A-G	tgv58413325			ENST00000262406.10:c.1893-528A>G	-	intron_variant	-	17	65226747	1	A	10004	RGS9	11	109117130	-1	A	HMIv1,CAST/EiJ	11	109226304
http://identifiers.org/hco/17/GRCh38#65140799-C-T	-			ENST00000262406.10:c.57+3202C>T	-	intron_variant	-	17	65140799	1	C	10004	RGS9	11	109185562	-1	C	HMIv1,CAST/EiJ	11	109294736
http://identifiers.org/hco/17/GRCh38#65139502-G-A	-			ENST00000262406.10:c.57+1905G>A	-	intron_variant	-	17	65139502	1	G	10004	RGS9	11	109186859	-1	G	JF1v3,SWNv1,NJLv1,BLG2v1,HMIv1,CAST/EiJ,PWK/PhJ	11	109296033
http://identifiers.org/hco/17/GRCh38#65171116-C-T	-			ENST00000262406.10:c.582+2835C>T	-	intron_variant	-	17	65171116	1	C	10004	RGS9	11	109156914	-1	C	PGN2v1,LEWES/EiJ,ZALENDE/EiJ	11	109266088
http://identifiers.org/hco/17/GRCh38#65188171-G-A	-			ENST00000262406.10:c.655-1115G>A	-	intron_variant	-	17	65188171	1	G	10004	RGS9	11	109141997	-1	G	HMIv1,CAST/EiJ,SPRET/EiJ	11	109251171
http://identifiers.org/hco/17/GRCh38#65199699-G-A	-			ENST00000262406.10:c.977-2294G>A	-	intron_variant	-	17	65199699	1	G	10004	RGS9	11	109134057	-1	G	HMIv1,CAST/EiJ	11	109243231
http://identifiers.org/hco/17/GRCh38#65139067-T-A	-			ENST00000262406.10:c.57+1470T>A	-	intron_variant	-	17	65139067	1	T	10004	RGS9	11	109187294	-1	T	HMIv1,CAST/EiJ,SPRET/EiJ	11	109296468
http://identifiers.org/hco/17/GRCh38#65173556-G-A	-			ENST00000262406.10:c.583-4176G>A	-	intron_variant	-	17	65173556	1	G	10004	RGS9	11	109154900	-1	G	SPRET/EiJ	11	109264074
http://identifiers.org/hco/17/GRCh38#65169978-C-T	-			ENST00000262406.10:c.582+1697C>T	-	intron_variant	-	17	65169978	1	C	10004	RGS9	11	109158052	-1	C	PGN2v1,LEWES/EiJ,ZALENDE/EiJ	11	109267226
http://identifiers.org/hco/17/GRCh38#65174605-G-A	-			ENST00000262406.10:c.583-3127G>A	-	intron_variant	-	17	65174605	1	G	10004	RGS9	11	109153851	-1	G	MSMv4,JF1v3,KJRv1,SWNv1,CHDv1,NJLv1,BLG2v1,HMIv1,CAST/EiJ,PWK/PhJ	11	109263025
http://identifiers.org/hco/17/GRCh38#65180040-A-G	-			ENST00000262406.10:c.654+2237A>G	-	intron_variant	-	17	65180040	1	A	10004	RGS9	11	109148425	-1	A	SPRET/EiJ	11	109257599
